{
  "fit101": {
    "mean": 0.7497648596763611,
    "std": 0.41489166021347046,
    "p95": 1.0079944133758545,
    "p99": 1.0395010709762573,
    "p999": 1.2825376987457275,
    "min": 0.0009153629653155804,
    "max": 1.5557726621627808
  },
  "lit101": {
    "mean": 0.6136968731880188,
    "std": 0.4611434042453766,
    "p95": 1.2536327838897705,
    "p99": 1.868504285812378,
    "p999": 3.0072901248931885,
    "min": 0.0007170824101194739,
    "max": 4.277730464935303
  },
  "mv101": {
    "mean": 0.06934995204210281,
    "std": 0.23791031539440155,
    "p95": 0.9003332853317261,
    "p99": 0.995922327041626,
    "p999": 1.137467861175537,
    "min": 2.1220384951448068e-5,
    "max": 1.4350199699401855
  },
  "p101": {
    "mean": 0.021046631038188934,
    "std": 0.10694517940282822,
    "p95": 0.10061301290988922,
    "p99": 0.6930810213088989,
    "p999": 1.0013840198516846,
    "min": 5.807672550872667e-6,
    "max": 3.206915855407715
  },
  "p102": {
    "mean": 0.0014972832286730409,
    "std": 0.03829241544008255,
    "p95": 9.801777196116745e-5,
    "p99": 0.00016721979773137718,
    "p999": 0.9901520013809204,
    "min": 1.1989480697138788e-7,
    "max": 0.9998583793640137
  },
  "ait201": {
    "mean": 0.6660894751548767,
    "std": 0.4411340653896332,
    "p95": 1.149712085723877,
    "p99": 1.322356104850769,
    "p999": 2.0117483139038086,
    "min": 0.0005511784693226218,
    "max": 2.304305076599121
  },
  "ait202": {
    "mean": 0.9291104674339294,
    "std": 0.23598213493824005,
    "p95": 1.1091026067733765,
    "p99": 1.2178559303283691,
    "p999": 1.7887789011001587,
    "min": 0.00015839911065995693,
    "max": 3.7387239933013916
  },
  "ait203": {
    "mean": 0.5440052151679993,
    "std": 0.41893401741981506,
    "p95": 1.3228198289871216,
    "p99": 1.8679710626602173,
    "p999": 2.955409049987793,
    "min": 0.0040130531415343285,
    "max": 4.029110431671143
  },
  "fit201": {
    "mean": 0.6830847263336182,
    "std": 0.42566975951194763,
    "p95": 1.0826942920684814,
    "p99": 1.2673397064208984,
    "p999": 1.6654131412506104,
    "min": 0.00014925702998880297,
    "max": 3.526848793029785
  },
  "mv201": {
    "mean": 0.036882318556308746,
    "std": 0.14998169243335724,
    "p95": 0.28839802742004395,
    "p99": 0.9783392548561096,
    "p999": 1.166314721107483,
    "min": 1.927607627294492e-5,
    "max": 2.1489667892456055
  },
  "p201": {
    "mean": 0.03765928000211716,
    "std": 0.16970688104629517,
    "p95": 0.048674020916223526,
    "p99": 0.9759752750396729,
    "p999": 1.0036654472351074,
    "min": 1.8248692867928185e-5,
    "max": 1.2713884115219116
  },
  "p202": {
    "mean": 5.373129496888396e-9,
    "std": 7.31581240032142e-9,
    "p95": 9.844172588202582e-9,
    "p99": 5.5484733252342266e-8,
    "p999": 7.472168306321691e-8,
    "min": 2.321426106899338e-10,
    "max": 7.84147005106206e-8
  },
  "p203": {
    "mean": 0.0200494434684515,
    "std": 0.1034376323223114,
    "p95": 0.09973368048667908,
    "p99": 0.6073849201202393,
    "p999": 1.0044629573822021,
    "min": 7.109111720637884e-6,
    "max": 3.1789791584014893
  },
  "p204": {
    "mean": 9.784830723447158e-10,
    "std": 8.541026219610615e-10,
    "p95": 2.1135857508625122e-9,
    "p99": 5.240972544839906e-9,
    "p999": 6.689104825596814e-9,
    "min": 1.5483860721365872e-11,
    "max": 6.96199142780074e-9
  },
  "p205": {
    "mean": 0.01962428353726864,
    "std": 0.10097692161798477,
    "p95": 0.09924209117889404,
    "p99": 0.5633009672164917,
    "p999": 1.0053167343139648,
    "min": 4.7184153117996175e-6,
    "max": 3.1936089992523193
  },
  "p206": {
    "mean": 1.517434888853586e-8,
    "std": 1.4391585700934684e-8,
    "p95": 4.12783300873798e-8,
    "p99": 6.205542035786493e-8,
    "p999": 7.77419657538303e-8,
    "min": 9.754774071835115e-11,
    "max": 8.295672415670197e-8
  },
  "dpit301": {
    "mean": 0.8506234288215637,
    "std": 0.33391445875167847,
    "p95": 1.0509318113327026,
    "p99": 1.116012692451477,
    "p999": 1.9401295185089111,
    "min": 0.0014322748174890876,
    "max": 3.622654438018799
  },
  "fit301": {
    "mean": 0.8091779351234436,
    "std": 0.35552075505256653,
    "p95": 1.0543004274368286,
    "p99": 1.1786235570907593,
    "p999": 1.6277141571044922,
    "min": 0.0002557037805672735,
    "max": 3.5606930255889893
  },
  "lit301": {
    "mean": 0.2253430038690567,
    "std": 0.3007766604423523,
    "p95": 0.9720274209976196,
    "p99": 1.1728918552398682,
    "p999": 2.9669277667999268,
    "min": 0.0004831705300603062,
    "max": 4.21903133392334
  },
  "mv301": {
    "mean": 0.035268887877464294,
    "std": 0.15918806195259094,
    "p95": 0.213479682803154,
    "p99": 0.9508445858955383,
    "p999": 1.0688341856002808,
    "min": 7.766652743157465e-6,
    "max": 1.8926130533218384
  },
  "mv302": {
    "mean": 0.07909237593412399,
    "std": 0.2247278392314911,
    "p95": 0.6193540692329407,
    "p99": 0.9882863163948059,
    "p999": 1.3571653366088867,
    "min": 3.054637636523694e-5,
    "max": 2.5175116062164307
  },
  "mv303": {
    "mean": 0.042115382850170135,
    "std": 0.16164928674697876,
    "p95": 0.36835959553718567,
    "p99": 0.9479207396507263,
    "p999": 1.1051466464996338,
    "min": 1.5462152077816427e-5,
    "max": 2.1627635955810547
  },
  "mv304": {
    "mean": 0.0658964216709137,
    "std": 0.21036134660243988,
    "p95": 0.5982486009597778,
    "p99": 0.9928726553916931,
    "p999": 1.2389070987701416,
    "min": 2.4352953914785758e-5,
    "max": 2.621983528137207
  },
  "p301": {
    "mean": 3.53991538304399e-8,
    "std": 3.231804512893177e-8,
    "p95": 1.1451642478732538e-7,
    "p99": 1.3483058580732177e-7,
    "p999": 1.5965292732289527e-7,
    "min": 5.626056842622518e-10,
    "max": 1.824512736448014e-7
  },
  "p302": {
    "mean": 0.04495798796415329,
    "std": 0.16106800734996796,
    "p95": 0.267103910446167,
    "p99": 0.9772449731826782,
    "p999": 1.0719258785247803,
    "min": 1.2306163625908084e-5,
    "max": 3.334702730178833
  },
  "ait401": {
    "mean": 0.13763342797756195,
    "std": 0.34161850810050964,
    "p95": 0.9940457344055176,
    "p99": 1.0039142370224,
    "p999": 1.0219768285751343,
    "min": 0.00021010712953284383,
    "max": 1.0469321012496948
  },
  "ait402": {
    "mean": 0.8716549873352051,
    "std": 0.24098362028598785,
    "p95": 1.1541322469711304,
    "p99": 1.386873483657837,
    "p999": 2.1852402687072754,
    "min": 0.09412190318107605,
    "max": 2.7320022583007812
  },
  "fit401": {
    "mean": 0.9710068106651306,
    "std": 0.07581787556409836,
    "p95": 1.078197717666626,
    "p99": 1.150226354598999,
    "p999": 1.2676705121994019,
    "min": 0.5183243751525879,
    "max": 1.5382487773895264
  },
  "lit401": {
    "mean": 0.09750793874263763,
    "std": 0.19538156688213348,
    "p95": 0.2255028337240219,
    "p99": 0.8856210112571716,
    "p999": 3.099590539932251,
    "min": 0.0008637990686111152,
    "max": 4.169438362121582
  },
  "p401": {
    "mean": 4.347209259236706e-9,
    "std": 6.222131254673968e-9,
    "p95": 1.3698450374022286e-8,
    "p99": 3.522127300925604e-8,
    "p999": 3.785283197998979e-8,
    "min": 1.5636207606473107e-10,
    "max": 3.866365716476139e-8
  },
  "p402": {
    "mean": 0.0006751992623321712,
    "std": 0.025050416588783264,
    "p95": 9.22477847780101e-5,
    "p99": 0.00037622140371240675,
    "p999": 0.000678054871968925,
    "min": 1.5081278093020956e-7,
    "max": 0.9993451833724976
  },
  "p403": {
    "mean": 0.0006537664448842406,
    "std": 0.025139791890978813,
    "p95": 2.189712176914327e-5,
    "p99": 5.09857818542514e-5,
    "p999": 6.19402781012468e-5,
    "min": 3.8397945445467485e-7,
    "max": 0.997208833694458
  },
  "p404": {
    "mean": 1.5739307634987654e-9,
    "std": 1.4212516719069868e-9,
    "p95": 5.64453994655878e-9,
    "p99": 6.056995349723593e-9,
    "p999": 7.62659624342632e-9,
    "min": 2.3632103218762524e-11,